{
    "HR@5": 0.5841584158415841,
    "NDCG@5": 0.37815351598685804,
    "HR@10": 0.7128712871287128,
    "NDCG@10": 0.4192790369217299
}